,bloggername
0,비키의 소소한일상:)
1,우기부기블로그
2,귀찮은 섭
3,권매력의 charming-DAY
4,아가리파이터의 한.술.담.끼
5,"Ever thine, Ever mine, Ever ours."
6,날마다 좋은 날
7,Let's Go Fashion World~♡
8,자신의 자리에서 빛나는 사람
9,"기억, 추억, 생각"
10,그녀가 사는 세상
11,"룰루랄라, favorance"
12,DOLZA'S EAT&JOY!
13,비키의 소소한일상:)
14,orizzang
15,찌주의 데일리블로그 ♡
16,인생은 짧다
17,나누미의 유쾌한 나눔통
18,로민유랑단
19,ALOHOMORA
20,막돼먹은찌니
21,내.몸.사.랑
22,GRACE's lov diary
23,마미새 ⓔ야기
24,❤ 미래작가홀릭 ❤
25,La vie en rose ◡̈
26,맛집깡패~♥
27,패션블로거 미오
28,노는게 제일 좋아 ♬
29,행복 달달 샤페이 메주 간장네 :) - PART.2 -
30,구름사진찍는 미라씨
31,짱세 일상
32,내면의아이와 함께~
33,독박육아일기
34,이래도 흥 저래도 흥
35,쏘쏘잉의 일상블로그♩♪
36,제으니의 블로그
37,아리푸의 핑크빛뜰
38,"Love the Life You Live, Live the Life You Love."
39,미미쵸코의 세계
40,박카스D 의 오감만족 블로그
41,Elyan's Sight
42,당케의 세상의 모든것
43,잉여로운 삶 by 스마일밍아 ☆
44,라미의 멀티 뮤지엄
45,윤느로그
46,☆소소한 행복이야기☆
47,BERRY GO ROUND
48,yangjinss daily & raandj
49,조소통씨
50,Minimum Rich
51,날주와 션과 밍의 열혈육아
52,위드 바이올렛
53,XD
54,lizzy's blog
55,아름다운 지구별 여행중 ♬
56,달콤쪼꼬의 블로그 ♡
57,먹는게 가장 쉬웠어요♪
58,울틴껌
59,워너비스타 임배우
60,모든 날의 기록
61,지극히 주관적인 블로그
62,꽃다운청춘 쭈니의 블로그
63,몽환중도
64,땡깡이 그녀의 일상♡
65,여의도 직장인 문썬의 밥상 (舊 을지로)
66,디즈데일리
67,JIAEFOLIO
68,Only on date
69,Review World
70,맵씨블로그
71,Healing Eyes
72,애쁨이네 블로그
73,나랑 놀아줄꺼지 ?
74,릿짱의 블로그 시즌2
75,파닥's 여행하는 일상
76,엉클CJ의 잡학연구소
77,Grace's story
78,전주 꼬숩네 매니저
79,제나의 일상리뷰
80,맵씨블로그
81,아이린의 하우스 (엄마들의 모든 것)
82,심신복원요법센터(Mind-Body Reset Technique Center)
83,dailydessert의 맛있는 BLOG
84,lizzy's blog
85,Luna의 세계여행
86,여행하는 술로그
87,101번째 타르트
88,예남매네 트랜드라이프
89,미친중독성
90,돼지삼남매 블로그♥Life is short EAT dessert first
91,어떻게 사는 게 좋아?
92,가얏고와 독수리5형제의 즐거운 일상
93,박양의 기억보관함
94,제이미스타일 동탄3호점 N 네일
95,햇태공간
96,하하하
97,S u m m e r d a y
98,하늘 연달의 소소한 일상
99,la vie en rose
100,모든 날의 기록
101,커피베리 정군 & 커피언니 쥬리
102,잘될거야
103,~☆유쾌한 열정☆~
104,먹고 즐기는 인생
105,행복효모 해피이스트
106,제나의 일상리뷰
107,춘자야 놀자
108,감쟈고구마
109,맛깔나는 인생살이
110,"핫핑크미미 맛집, 뷰티, 리뷰♪"
111,메리포유 블로그
112,귤공주의 미캉월드
113,박박부부의 마라톤이야기
114,하늘을 달리다
115,씨케이의 La vie dynamique
116,"여행같은 인생, ♥"
117,쟈쟈졔의 여행 라이프
118,쏭과함께
119,남다른 주머니
120,양갱's 달달한 일상 :)
121,판타스틱 알팡월드 ♪
122,뷰티 꿈디자이너's 꿈꾸는 저금통
123,☆셀럽 꽃양의 style☆
124,햇태공간
125,송빠리삐뽀
126,사운드브로스
127,♪
128,Bibbidi Bobbidi Boo
129,"평생, 연애 중"
130,행복효모 해피이스트
131,나는나의 자유를 꿈꾼다
132,쏘쏘잉의 일상블로그♩♪
133,BLuE PiNe TreE English Class
134,콩이월드
135,돼지삼남매 블로그♥Life is short EAT dessert first
136,김원장의 탐구생활
137,티이모와의 연결 고리 ♂
138,꿈꾸는 공간
139,양갱's 달달한 일상 :)
140,yooz&piet 유즈엔피엣
141,# 나의 작은 작업실
142,미친중독성
143,봉가네 현봉봉
144,신짱의 어떤 하루
145,지금당장말해줘요
146,ssomerry
147,블리어리
148,psalm23
149,Now we go!
150,오여사's 부동산♡
151,Review World
152,first step to the future
153,Attractive shim
154,즐겁게살자
155,흥청망청 후이로그
156,제으니의 블로그
157,쏘쏘잉의 일상블로그♩♪
158,:: 달달한 오후의 레이나 ::
159,What's Next?
160,모래꽃의 일상
161,랑랑st:헛되지 않은 오늘
162,해별이의 달달한 블로그 ♥
163,Ode to youth
164,데일리핑슈
165,"샴샴이네(하고,가고, 먹고,사고 싶은 삼삼한 이야기)"
166,cyoz님의 블로그
167,LUVHEE MOOD
168,☆ 나는아빠다 by 아임파파 www.impapa.com ☆
169,Ode to youth
170,Yalgo daily
171,YOUNG #일상#맛집#여행#정보
172,Shine We Are!
173,올리비아케이 공식 블로그 입니다.
174,qn6wk님의 블로그
175,여의도 직장인 문썬의 밥상 (舊 을지로)
176,크리아트 창의미술연구소
177,맵씨블로그
178,Everyday is your birthday
179,여의도 직장인 문썬의 밥상 (舊 을지로)
180,사소한 모든 것들
181,봉자바리 HAPPY CUISINE
182,브로디 블로그
183,담백하고 솔직하게
184,make me better
185,사랑이송송
186,마시멜로의 달콤한 세상
187,보라의 즐거운 일상
188,츄츄의하벌하먹
189,MINSAIMDANG
190,혜화동 앨자매ll혜화동 엘린
191,"Me, 쓰공, 내일은 밀크로드!"
192,슬기로운 생활
193,Rany Story♡
194,Honey Family♬
195,준공공임대사업자 빅보스의 일상
196,벤사마의 습관적 여행
197,구미 제이안헤어
198,그녀가 사는 세상
199,쑤기의 꿈꾸는 다락방
200,I'm 미르♡
201,m o o d - b i n d e r
202,오늘도 내일도 해피데이 ∧ _∧＊
203,Minimum Rich
204,라임상자 ♥
205,"술에 담긴 정겨운 얘기, 달달한 인생…."
206,댕로그
207,찌니꼼
208,오늘도 싸리언니
209,벼디의 즐거운인생 : )
210,a piece a day
211,망고의 언제나 씐나 ♬
212,파닥's 여행하는 일상
213,Off You
214,"홍어른, 잘 살아요~"
215,솨양이와 뒤뚱뒤뚱 떠나자
216,돼지삼남매 블로그♥Life is short EAT dessert first
217,에이로그♪
218,차시남 입니다.
219,그녀의일상다반사
220,야무진 들레씨
221,서울 기상센터 Weather Center of Seoul
222,꿈꾸는토토
223,Honey Family♬
224,꿈을 낚는 빡지스토리
225,HAPPILY EVER AFTER
226,나디아 블로그
227,사랑메리밤♥
228,꿈을 낚는 빡지스토리
229,최다의 방랑여행일지 | Fromsong.com
230,yooz&piet 유즈엔피엣
231,귤공주의 미캉월드
232,코끼리 공장
233,다요미네
234,라잌 라이프
235,오늘도 내일도 해피데이 ∧ _∧＊
236,매일매일 핵꿀잼
237,코끼리 공장
238,스위트 클라라
239,YashicaKid's Analogue SPACE
240,임블리와 요미&꼬미
241,"모든날,모든순간"
242,- 지금을 사는 내 작은 고양이처럼
243,마시멜로의 달콤한 세상
244,식탐외전
245,차시남 입니다.
246,라잌 라이프
247,감사함에 행복함에 사랑함에 ♪
248,고로리의 빛나는 Daily :)
249,오묘타 놀이터
250,피부감독의 세상사는 이야기
251,B☔arbi2 랑Talk하며살자
252,감쟈고구마
253,린아와의 행복저장소
254,"헝클어진 마케팅, 문지기 블로그™"
255,챔챔 블로그♡
256,유취카페
257,맵씨블로그
258,재희의 즐거움나누기♪
259,수혜의 반짝반짝 빛나는
260,달콤향기 먹방투어
261,깜리
262,재희의 즐거움나누기♪
263,찌주의 데일리블로그 ♡
264,하늘이햐의 설레는순간♪
265,party shadow
266,우리 놀이터 : )
267,원자의 빛으로 보는 세상
268,김프로의 2프로 부족한 이야기
269,식탐많은 야매레시피
270,깜리
271,ssomerry
272,YashicaKid's Analogue SPACE
273,카라의 네버앤딩 트래블 스토리
274,소발킴's daily life
275,아기자기 프로덕션
276,"* 고밍과 드브, 의식의 공간 *"
277,♥썬파워님의블로그♥
278,고은Love필링링 일상의 행복 모으기
279,신짠짠의 이런저런~
280,라잌 라이프
281,리나의 달콤한 도시♥
282,☆셀럽 꽃양의 style☆
283,블루멜로우's Style
284,♡송이world♡
285,쮜여사의 먹거리 탐구생활
286,October J.
287,써니연의 미소담은 이야기
288,매력홍 ♡
289,유니로그
290,빈블리의 소소한 일상
291,야무진 들레씨
292,Grace's story
293,로라쌤의 씐나는 영어공부
294,섬사람의 데일리룩 + @
295,최다의 방랑여행일지 | Fromsong.com
296,달콤채앤완맘
297,땅콩's blog
298,EMO DAY ::
299,꼭미남의 카르페디엠
300,La vie est belle♥
301,율리엄마로 살아가기:)
302,웰컴투제니월드★
303,*~~~라임향이 폴폴~~~*
304,루비언니의 행복한 일상
305,센스있는 사람이 되자♥
306,보라리 블로그-*
307,메이티엔 룰루랄라♬
308,A
309,About World
310,Images la sauvette
311,코발트블루의 소소한이야기들
312,참쉽다 아이와 해외여행
313,AA Batteries
314,언제나 여행중
315,머릿속에서 돌리는 재봉틀
316,effylouge ::여자 패션블로그
317,마시멜로의 달콤한 세상
318,味's Korea
319,*얄짤없는 맛평가블로그* 맛챠 Matcha
320,"가죽을 디자인하는 ""어썸메이킷"""
321,쩡아의희망무지개
322,엄탱's 블로그♡
323,냥냥이의 작은다락방
324,♪
325,HAPPILY EVER AFTER
326,깜찍발랄 또니와 함께하는 행복한 이야기★
327,多좋아하는 다취미 싸미블로그
328,그냥이 아닌 그냥인 내 하루
329,시작 출발이다
330,브래드리의 삼육오
331,그럴 수도 있지
332,AA Batteries
333,양재동 치트키
334,이루네 블로그
335,맛있는 야매야매의 이야기ㅎㅎ
336,베티의 베러월드
337,놀면서더잘놀기♥
338,미니민 민선생 블로그 ♥
339,미녀의 미친학구열
340,하늘 연달의 소소한 일상
341,재희의 즐거움나누기♪
342,사 진 일 기
343,Alice in Wonderland
344,원씨의 말랑한 기록 :)
345,* VATERIUM *
346,"깸잉, 너 하고싶은거 다 해 :)"
347,바개림
348,"가죽을 디자인하는 ""어썸메이킷"""
349,파란고양이
350,선쥬리 @sunjurii
351,"Ever thine, Ever mine, Ever ours."
352,쩡미니즘
353,* VATERIUM *
354,"청춘, 여행을 좇다"
355,AMIE (Ask me in English : 물어봐영어)
356,매 순간 turning point
357,모델은지와 함께 만들어가는 엄마표밥상
358,눈부시게 빛나는 날들
359,꿈꿈꿈과 함께하는 리뷰스토리
360,커피베리 정군 & 커피언니 쥬리
361,최다의 방랑여행일지 | Fromsong.com
362,MR.YOON 미스터윤
363,퐝고는지금이좋아
364,난나야의 일상이야기
365,★포푸리 착한리뷰
366,잔나의 건강명랑행복 블로그
367,달콤쪼꼬의 블로그 ♡
368,차팀장의 스트롱포켓 - 건강한 재무관리의 시작
369,노처녀 미반이 수다
370,비키의 소소한일상:)
371,iSaac_
372,"발 가는 대로, 마음 가는 대로."
373,공익연계마케터 / 나눔실천특별위원회
374,오늘 뭐 하지?
375,AA Batteries
376,White Dream
377,소녀소녀한 카페좋아해
378,밑줄긋는샐리
379,밥재블로그 (๑･◡･)
380,All about Supply Chain Management
381,폴더 속 내뭉서
382,여신예디♥blog
383,혼자사는 여자의 기록
384,잠결에 한 쪽 뺨으로 웃는 여자
385,PB_CLOSET [PB의 옷장 _ 피비클로젯]
386,제주인의 제주살아가기
387,White Dream
388,서나의 신나는 블로그 ♥
389,재미나게 살고싶은 재미사마블로그♡마루생각
390,차시남 입니다.
391,카레몽
392,찌주의 데일리블로그 ♡
393,미니민 민선생 블로그 ♥
394,바개림
395,first step to the future
396,다니엘 영어 팩토리
397,허자령 블로그
398,냥냥이의 작은다락방
399,AA Batteries
400,Jennifer's Vitamin Station
401,매일 매일 행복이
402,서울에서 봄잠 코오오~
403,사랑메리밤♥
404,채현의 일상 블로그
405,♡ㅊrㅊr에 빠지다....♡
406,홈페이지형 블로그 스킨 제작.
407,Dream girl's life
408,혜성맘의 행복냠냠
409,청량하고 따스한 제니퍼어 공간~★
410,♡ 웃음가득 엔돌핀 ♡
411,찌니꼼
412,버블린 _ Buvlin
413,블롱이 아방가르드
414,오늘도 싸리언니
415,은비까비와 여행을 떠나요 :)
416,쿨언니의 이중생활
417,새댁의일상
418,아씨의 블로그
419,What We Want
420,정면세상 ; ) Jung Myun's blog
421,heyinn1976님의블로그
422,보람쟁이의 심플라이프.
423,420
424,코코의 세렌디피티
425,Review World
426,After the Rain♩
427,짱세 일상
428,= 호담's 메리고라운드 =
429,Excellent from God
430,오늘은 수수해요♡
431,임세란(흰설) - delicate breath of Beautiful World
432,<<선우칸막이>> 010-9090-5213
433,"홍어른, 잘 살아요~"
434,아날로그 감성놀이터
435,봉가네 현봉봉
436,렐라의 맛집 여행 블로그
437,감쟈고구마
438,팔도정복 하러 온 잠비
439,데일리핑슈
440,도치누나가 전하는 소행-♥
441,승현이의 배부른 소리 :)
442,꿈꾸는 JM's 공간
443,라잌 라이프
444,= 호담's 메리고라운드 =
445,theLucy
446,냥냠의 일상냠냠
447,림응
448,STAY GOLD
449,SUNNY LAND
450,불꽃남자 기획국장.
451,뚱과 쏭의 이야기♥
452,별초로롱의 세상이야기 ...
453,인생은 아름다워 :)
454,★해피바이러스★
455,꽃길걷는 꼬밍여사♡
456,몽몽의 먹어야 사는 블로그
457,티이모와의 연결 고리 ♂
458,황팀장의 스트롱포켓 - 건강한 재무관리의 시작
459,iSaac_
460,wanna be like you
461,DeSIgN 헤니맘
462,의식의흐름에따라서
463,오늘도 내일도 해피데이 ∧ _∧＊
464,코코의 세렌디피티
465,포콜부부 일기
466,다니엘 영어 팩토리
467,꾸마의 빼꼬빼꼬한 25시♩
468,달님의 달달한 블로그♡
469,♡ 누봉이의 일상블로그 ♡
470,제니네 '㉦'
471,"SUPER MOON의 골프와 패션, 식도락이 함께하는 블로그"
472,:: l a d y ma d e ::
473,helllog.
474,고속철도 SRT
475,Mrs.Flower
476,"즐기자, Rah Kim!"
477,코코의 세렌디피티
478,하고 싶은거 하는 중
479,제주왕자
480,싫으면좋아하라
481,그녀가 사는 세상
482,쏘's blog
483,STAY GOLD
484,츄춥의 Real Stories!
485,재인인테리어
486,코코의 세렌디피티
487,Only on date
488,GOOD SUJI
489,김원장의 탐구생활
490,Stardust~☆
491,꽃길만 걷는 꽃하루
492,다니엘 영어 팩토리
493,투덜이
494,진아로그(JINAHLOG)
495,내맘대로 즐거운 핑크다방
496,반이의 無題.
497,꽃길걷는 꼬밍여사♡
498,지연공주와 기미상궁들
499,넬리의 소소한 블로그
500,홍드홍쓰
501,야무진 들레씨
502,요지경세상
503,혜성맘의 행복냠냠
504,씨케이의 La vie dynamique
505,♥안나와 요아킴의 사랑한단 마리아♥
506,쓰담쓰담 수고했어 오늘도:)
507,오늘은 수수해요♡
508,망구봉다리의 모험
509,Don't look back in Anger.
510,lizzy's blog
511,J komma blog
512,플로리스트수은화의꽃일상
513,좌충우돌 석수댁의 사는이야기!
514,비키의 소소한일상:)
515,redcoke
516,오늘도 많이 먹어버렸네⭐️
517,좌충우돌 석수댁의 사는이야기!
518,진미츄 일상 기록
519,워너클로젯 (Wanna Closet)
520,하트맛사탕
521,힘과 꾸망이 가득
522,남는게 사진이더라
523,진미츄 일상 기록
524,"기억, 추억, 생각"
525,라미의 멀티 뮤지엄
526,"Ever thine, Ever mine, Ever ours."
527,헨2의 daily
528,한여름 밤의 두번째 꿈.
529,"일상은 여행처럼, 여행은 일상처럼"
530,허리아픈곰돌이
531,Amy S2
532,동글동글 라이프
533,달콤한 MIEL♡
534,리안의 일상
535,by HENNY
536,songsong.yi
537,콩이
538,닝닝이의 일상
539,지속가능한 블로그.
540,ZZUYA WORLD
541,요지경세상
542,그래도 좋은 날이 훨씬 더 많기를♪
543,오늘 뭐 하지?
544,쇼콜라 Story's
545,자유롭게 피어나기 ♪
546,♡ㅊrㅊr에 빠지다....♡
547,블로그같은 일기장
548,어쭈냥의 행복한 옥상텃밭이야기
549,끼요옷 기록용 블로그
550,냥냥이의 작은다락방
551,maison de bonbon banban bonja
552,추억은 다르게 적힌다...
553,요르디작업실
554,뷰티패션 꾸꾸집사이야기
555,솔2의 원더풀데이~
556,"동해안축제,지역뉴스,부동산분양,숙박,맛집,여행"
557,선한영향력 백인혜
558,한국여자 프랑스남자 이야기 :)
559,먹방강자의 소소한 일상
560,세상의 중심에 izzi가 있지
561,뷰티패션 꾸꾸집사이야기
562,몽키의 여행수다
563,소소한 일상공유 @밍밍이
564,깜리
565,breeze and smile
566,Elyan's Sight
567,오늘도 내일도 해피데이 ∧ _∧＊
568,럽카키의 수다 공간
569,봄에 내린 기쁜 비
570,럽카키의 수다 공간
571,치과의사 닥터자일리톨의 투스토리(Tooth + Story)
572,I'm 미르♡
573,HUI BLOG
574,▒ 리콕이네 공간 ▒
575,루디의 아름다운날들
576,옥언니의 매콤한 일상
577,폼난다지우아빠
578,행복이 넘쳐나는 공간
579,다람이의 솔직한 후기
580,즐거운 엄깽하우스
581,추억은 다르게 적힌다...
582,BLuE PiNe TreE English Class
583,삶은......
584,Pro memoria
585,찌미의 톡쏘는 데이트
586,우기부기블로그
587,비키의 소소한일상:)
588,콩이월드
589,핑크쟁이의 다이어리
590,Pinkish MineeMin ...★
591,울틴껌
592,"가장 빛날,우리의 날 기록하기"
593,아름다운 공간에 머물다 Stay by Stay
594,청금. 또 하나의 열매를 바라시며
595,쩡미니즘
596,돈쓰는게 제일 재밌어
597,포콜부부 일기
598,태니봉봉의 #감성라이프
599,"유까의 끄적끄적, 궁시렁궁시렁"
600,조이킴
601,루이스 여행기
602,땅콩하마의 씐나씐나!!
603,이벤트 중 ! A S L I ☆
604,쏭데이 : 맛있는 여행
605,"Raneeran's 맛나다, 만나다♪"
606,루이스 여행기
607,심심하다
608,별이쒸의 세상구르기
609,달콤쪼꼬의 블로그 ♡
610,party shadow
611,김매력♡남매의일상생활
612,깐징's 리얼리티
613,소 확 행 ♡
614,맞춤성형헤어 전문 실장 도유장입니다
615,White Dream
616,온세상 신나는 이야기
617,yooz&piet 유즈엔피엣
618,마이젤라또로망스
619,Only on date
620,09nin's 달콤연애♥
621,GRACE's lov diary
622,아기자기 프로덕션
623,Carpe diem..
624,차팀장의 스트롱포켓 - 건강한 재무관리의 시작
625,♡망고탱이:) 일상 블로그♡
626,스위트 클라라
627,"플제 (Deep), 깊은 만족"
628,레이클리닉
629,chacha's
630,[su:D] The Secret Recipe
631,"벨라의 패션,데일리 이야기"
632,홍구비어
633,주희의 손가락 놀이터
634,"Ever thine, Ever mine, Ever ours."
635,일상정리ING
636,아이린의 바람따라 여행따라
637,dopey
638,◇ 지야의 뷰티야구일상 ◇
639,따뜻한 도시의 Make up - ★
640,아짱의 먹고 사는 이야기
641,"♥지금 이 순간이, 내 삶의 마지막인 것처럼♥"
642,우다다담
643,토니네사진관
644,STAY GOLD
645,진미츄 일상 기록
646,♡낭랑주부's lovely house♡
647,by Churi
648,허니꿀잼의 Food Record
649,호야의 세상밝히기
650,만보의 수다
651,labelle song
652,승리월드
653,party shadow
654,지속가능한 블로그.
655,White Dream
656,앵모의 블로그
657,❤️오스트리아 LIFE❤️
658,하나씨의 맛있는 이야기
659,미친중독성
660,구리와 인형의 지구별여행기
661,"HAMNY, daily log"
662,림이의 시시콜콜한 일상
663,:: l a d y ma d e ::
664,Bonolog
665,"Just,"
666,스위트 클라라
667,리미의 트래블다이어리
668,예쁜게 좋은 미나로그
669,쏟아놓기
670,씨케이의 La vie dynamique
671,"유주답게, UJual blog !"
672,구리와 인형의 지구별여행기
673,김원장의 탐구생활
674,지봉이의 골든타임
675,도배365
676,꽃길걷는 꼬밍여사♡
677,나에게로 떠나는 여행
678,= 호담's 메리고라운드 =
679,Dada's life♡
680,진니의 달콤한 주방이야기
681,Mrs.Flower
682,effylouge ::여자 패션블로그
683,정찌 _취중블로그
684,하고싶은거 다 하는 블로그
685,로폰양의 즐거운 하루 :)
686,좋아하는 블로그
687,m_diary
688,벤 문의 세상살이
689,Honey Family♬
690,허니꿀잼의 Food Record
691,ALOHOMORA
692,재재블로그
693,나의 일상과 타인의 일상 그 사이에서
694,꿈을 낚는 빡지스토리
695,브로디 블로그
696,보물섬의 일상이야기
697,만보의 수다
698,101번째 타르트
699,내맘대로 즐거운 핑크다방
700,폴더 속 내뭉서
701,허니꿀잼의 Food Record
702,추억은 다르게 적힌다...
703,썬데이 홍야라이푸(Feat.짜몽&팡)
704,To be a better me ☆
705,CSIMPLE BLOG
706,오늘도 싸리언니
707,열혈청년의 세상 탐험!
708,초코베리의 렌즈속세상
709,MR.YOON 미스터윤
710,Only on date
711,"Hello, Cindy"
712,♡수로로의 맛있는 일기♡
713,고구려의 맛과 여행공간
714,어떻게 사는 게 좋아?
715,에이로그♪
716,행복한 맛집주의자
717,*코코의 Daliy Bloggggg~*
718,* memories *
719,White Dream
720,잔나의 건강명랑행복 블로그
721,Jennifer's Vitamin Station
722,양갱's 달달한 일상 :)
723,Sunny's Room
724,새콤이의 블로그♥.♥
725,나의 일상과 타인의 일상 그 사이에서
726,달콤한 MIEL♡
727,"CRUSH ON U, SERAKLES"
728,get some rest
729,츄춥의 Real Stories!
730,"젠타의 ""너 맛집맞아?"""
731,뽀로록월드 :)
732,GAON
733,AA Batteries
734,딜라잇 스토리
735,유세미의 인생 수업
736,서울에서 봄잠 코오오~
737,iSaac_
738,G의 게임 제작 블로그
739,코코의 세렌디피티
740,달래이야기
741,Daily Blog
742,코코의 세렌디피티
743,나의 창으로 바라본 세상
744,지호 삼계탕 진주점
745,악마토끼
746,SERAYANG
747,스킨 앤바디 블로그
748,김프로의 2프로 부족한 이야기
749,쥬니꽃 블로그
750,정규의 BOOK 블로그
751,호야의 세상밝히기
752,엄탱's 블로그♡
753,배네비의 네버랜드
754,재야의 막가는 블로그
755,RARIBYRARI
756,DAY-TO-DAY
757,나의 창으로 바라본 세상
758,머물기 위해 떠나는 여행
759,조이킴
760,허니꿀잼의 Food Record
761,All you need is love :D
762,Moneytrainer_Hwnag
763,하나씨의 맛있는 이야기
764,듀듀크러쉬
765,무림태풍의 세상따라 잡기
766,스킨 앤바디 블로그
767,앨리스의 다락방 ♥
768,바이츄
769,jaQjo y (쟄조이)
770,비어벨이 다녀온 맛집
771,Blanche# 감성충전소
772,오묘타 놀이터
773,곰돌이의 Lifestyle 블로그
774,함자매의 하루하루
775,★ 살롱드 프린세스 ★
776,먹는게 가장 쉬웠어요♪
777,럽로그
778,곰돌이의 Lifestyle 블로그
779,칭칭이..
780,뷰티 꿈디자이너's 꿈꾸는 저금통
781,<뮤지컬 넌센스>시리즈 국내 유일 제작.
782,2014.06.05~
783,여의도 직장인 문썬의 밥상 (舊 을지로)
784,Pogney House
785,Inner peace
786,나를 찾아 떠나는 여행
787,레디투리브
788,블리스의 행복창고
789,쮜여사의 먹거리 탐구생활
790,소 확 행 ♡
791,빠져듭니다 레드썬!!!
792,매일매일 랄랄라
793,Happiness H Blog
794,뒤뚱뒤뚱 소라빵♡
795,선쥬리 @sunjurii
796,SunnyB의 어느 날❤️ : 써니로그✨
797,To be a better me ☆
798,먹방시작
799,;-)콩딱콩딱gonne
800,"일상은 여행처럼, 여행은 일상처럼"
801,룸
802,흐르는 강물처럼(Like the flowing river)
803,술마시는 블로거 항상웃는
804,"miru,daily"
805,감쟈고구마
806,Melt away
807,세상에서 최고로 행복해질 순간까지
808,yooz&piet 유즈엔피엣
809,저니닝
810,일상을여행처럼 바니블로그
811,나만을 위한 블로그
812,지니의 Daybook
813,TROY'S LIFE
814,셔니비비 패션 뷰티 홀릭
815,서울 기상센터 Weather Center of Seoul
816,사각사마는 뭘 먹고 사나
817,"♡우아한 아들셋 엄마의 맛집, 여행, 육아 블로그"
818,파닥's 여행하는 일상
819,어느 멋진날~*
820,라이라이크
821,언제나 해바라기 놀이中
822,도담이네 작은 집 :)
823,티이모와의 연결 고리 ♂
824,Sunny's Room
825,젤리슈의 행복한블로그*
826,2014.06.05~
827,코코의 세렌디피티
828,찌주의 데일리블로그 ♡
829,궁금한 K의 세상만사 이야기
830,"사소하게, 아낌없이"
831,무상훈 :: 한국의 미슐랭가이드 를 꿈꾸다
832,Sami's BLOG
833,나의 일상과 타인의 일상 그 사이에서
834,만보의 수다
835,2014.06.05~
836,PB_CLOSET [PB의 옷장 _ 피비클로젯]
837,하고싶어서 하는 오응블로그
838,선디's 일상생활
839,A Day at the Park
840,"Enviable, 일상을 예술로!"
841,dancing in the moonlight
842,라영짱의 하루일과보고
843,싸무탐험기
844,치과의사 닥터자일리톨의 투스토리(Tooth + Story)
845,orizzang
846,콩콩콩
847,루이스 여행기
848,신자매 블로그
849,듀듀크러쉬
850,소소한 일상에서 느끼는 행복찾기
851,제으니의 블로그
852,스테비아의 행복창고
853,복자가 담은 세상 ♪
854,천방지축 어리둥절♪
855,어느 멋진날~*
856,NEW MODERN
857,♥감성로코㏇
858,신자매 블로그
859,사샤샥의 이야기 세상
860,고양이 행성에서 만나요
861,Jade Land ♪
862,PURPLEE's 잡다한 이야기
863,뷰티패션 꾸꾸집사이야기
864,What We Want
865,* 행복의 프리즘 *
866,:*: 꼬미의 러브 하우스:*:
867,몽몽의 먹어야 사는 블로그
868,일상다반사(日常茶飯事)
869,눈누난나~~
870,아용쿠용쿠
871,곰돌이의 Lifestyle 블로그
872,찌주의 데일리블로그 ♡
873,오늘도 내일도 해피데이 ∧ _∧＊
874,러브잇 LUVIT
875,아뱅이의 뱅뱅한 일상
876,주식하는 디자이너
877,곰돌이의 Lifestyle 블로그
878,민재네 맛있는 밥상 이야기~☆
879,"Beauty Style,＊"
880,꿈바다
881,자연스러운 블로그
882,일상정리ING
883,추억은 다르게 적힌다...
884,Lovely Tommy
885,나를 찾아 떠나는 여행
886,미스변의걱정없는보험이야기
887,큐티하님's 사진저장소
888,오진구의 소소공간
889,챔챔 블로그♡
890,＊문화스토커 위트의 다락방
891,"삶은 잠, 사랑은 꿈"
892,돌체라떼 모시는 파이리 일상
893,♪
894,소중한 아이들과 함께 :-)
895,♪
896,Do Dream
897,승현이의 배부른 소리 :)
898,"Hello, Delicious"
899,쉬엄쉬엄. 느긋하게.
900,리미의 트래블다이어리
901,뉴뇨의 블로그
902,동동 쌤의 중국어 단기 속성
903,대니얼과 제이미의 리뷰노트
904,라영짱의 하루일과보고
905,곰돌이의 Lifestyle 블로그
906,엄마는 도윤이를 사랑해
907,* 봉추미의 일상
908,식탁 이야기
909,모두에게 해피엔딩.
910,나를 찾아 떠나는 여행
911,"버릇처럼, 열두달 여행"
912,After the Rain♩
913,곰돌이의 Lifestyle 블로그
914,무상훈 :: 한국의 미슐랭가이드 를 꿈꾸다
915,♧ ingenuehee 앤지뉴희 ♧
916,SM playground
917,행복의 흔적.
918,♡송이world♡
919,날개달린땡맘st. 알콩달콩
920,해별이의 달달한 블로그 ♥
921,보물섬의 일상이야기
922,초코베리의 렌즈속세상
923,일상 속에서 즐거움을 찾는 'SON'
924,츄춥의 Real Stories!
925,SNS Diary
926,LulRYULala
927,달콤미니미 행복이야기
928,추억은 다르게 적힌다...
929,디자이너 민서
930,다니엘 영어 팩토리
931,일상/여행/리뷰 완소팬더만의 다채로운 공간☆
932,하트맛사탕
933,yeon-hee's house
934,세계정복을 꿈꾸는 수드래곤
935,몽몽의 먹어야 사는 블로그
936,31052017
937,린아의 소소한 이야기 :)
938,초코베리의 렌즈속세상
939,행복의 흔적.
940,융이데이 ❤️
941,무상훈 :: 한국의 미슐랭가이드 를 꿈꾸다
942,리미의 트래블다이어리
943,까여사의 놀이터
944,일상을여행처럼 바니블로그
945,끌어당김의 법칙♥
946,블리블리블라
947,바이츄
948,DeSIgN 헤니맘
949,"찰나의 순간, 02pic ♥♥"
950,험센스의 센세이션
951,◇ 지야의 뷰티야구일상 ◇
952,yooz&piet 유즈엔피엣
953,최다의 방랑여행일지 | Fromsong.com
954,GRACE's lov diary
955,닝닝이의 일상
956,먹어주는 바비TV
957,젤리슈의 행복한블로그*
958,오늘도 내일도 해피데이 ∧ _∧＊
959,동동 쌤의 중국어 단기 속성
960,커밍경님의 블로그 ♡
961,맵씨블로그
962,내 멋대로.
963,NANA
964,The 재미있게 살기 (더재살)
965,우루의 다락방
966,Mrs.Flower
967,"Hello, Delicious"
968,감쟈고구마
969,일상에서 느끼는 소중함
970,테디푸우의 콘텐츠월드
971,m o o d - b i n d e r
972,◆아루무의 여행일기◆
973,곰돌이의 Lifestyle 블로그
974,@yachaefried
975,파란별윤정님
976,알콩이달콩이
977,포콜부부 일기
978,♥시장가는여자♥
979,곰돌이의 Lifestyle 블로그
980,What's Next?
981,싱깅이블로그
982,무상훈 :: 한국의 미슐랭가이드 를 꿈꾸다
983,인애킴 91년 양띠여자 뷰티패션블로그
984,"유까의 끄적끄적, 궁시렁궁시렁"
985,그림 + 여행 = 모로하나
986,행복이란 보물 찾아 유랑하는
987,툥하 블로그
988,꼬의아침
989,요이의 소소한이야기
990,*부둥부둥 BearChoo 부부 이야기*
991,방콕 데솔 ; 뷰티 해외 여행
992,드라마 연예 별들
993,유리구두의 세공사
994,The journey is the reward
995,A t e l i e r P e a c h
996,ssomerry
997,숟가락 들 힘만 있다면 글을 쓰겠다
998,하이디 표류기 ♪
999,빵찌로그
1000,비키의 소소한일상:)
1001,우기부기블로그
1002,귀찮은 섭
1003,권매력의 charming-DAY
1004,아가리파이터의 한.술.담.끼
1005,"Ever thine, Ever mine, Ever ours."
1006,날마다 좋은 날
1007,Let's Go Fashion World~♡
1008,자신의 자리에서 빛나는 사람
1009,"기억, 추억, 생각"
1010,그녀가 사는 세상
1011,"룰루랄라, favorance"
1012,DOLZA'S EAT&JOY!
1013,비키의 소소한일상:)
1014,orizzang
1015,찌주의 데일리블로그 ♡
1016,인생은 짧다
1017,나누미의 유쾌한 나눔통
1018,로민유랑단
1019,ALOHOMORA
1020,막돼먹은찌니
1021,내.몸.사.랑
1022,GRACE's lov diary
1023,마미새 ⓔ야기
1024,❤ 미래작가홀릭 ❤
1025,La vie en rose ◡̈
1026,맛집깡패~♥
1027,패션블로거 미오
1028,노는게 제일 좋아 ♬
1029,행복 달달 샤페이 메주 간장네 :) - PART.2 -
1030,구름사진찍는 미라씨
1031,짱세 일상
1032,내면의아이와 함께~
1033,독박육아일기
1034,이래도 흥 저래도 흥
1035,쏘쏘잉의 일상블로그♩♪
1036,제으니의 블로그
1037,아리푸의 핑크빛뜰
1038,"Love the Life You Live, Live the Life You Love."
1039,미미쵸코의 세계
1040,박카스D 의 오감만족 블로그
1041,Elyan's Sight
1042,당케의 세상의 모든것
1043,잉여로운 삶 by 스마일밍아 ☆
1044,라미의 멀티 뮤지엄
1045,윤느로그
1046,☆소소한 행복이야기☆
1047,BERRY GO ROUND
1048,yangjinss daily & raandj
1049,조소통씨
1050,Minimum Rich
1051,날주와 션과 밍의 열혈육아
1052,위드 바이올렛
1053,XD
1054,lizzy's blog
1055,아름다운 지구별 여행중 ♬
1056,달콤쪼꼬의 블로그 ♡
1057,먹는게 가장 쉬웠어요♪
1058,울틴껌
1059,워너비스타 임배우
1060,모든 날의 기록
1061,지극히 주관적인 블로그
1062,꽃다운청춘 쭈니의 블로그
1063,몽환중도
1064,땡깡이 그녀의 일상♡
1065,여의도 직장인 문썬의 밥상 (舊 을지로)
1066,디즈데일리
1067,JIAEFOLIO
1068,Only on date
1069,Review World
1070,맵씨블로그
1071,Healing Eyes
1072,애쁨이네 블로그
1073,나랑 놀아줄꺼지 ?
1074,릿짱의 블로그 시즌2
1075,파닥's 여행하는 일상
1076,엉클CJ의 잡학연구소
1077,Grace's story
1078,전주 꼬숩네 매니저
1079,제나의 일상리뷰
1080,맵씨블로그
1081,아이린의 하우스 (엄마들의 모든 것)
1082,심신복원요법센터(Mind-Body Reset Technique Center)
1083,dailydessert의 맛있는 BLOG
1084,lizzy's blog
1085,Luna의 세계여행
1086,여행하는 술로그
1087,101번째 타르트
1088,예남매네 트랜드라이프
1089,미친중독성
1090,돼지삼남매 블로그♥Life is short EAT dessert first
1091,어떻게 사는 게 좋아?
1092,가얏고와 독수리5형제의 즐거운 일상
1093,박양의 기억보관함
1094,제이미스타일 동탄3호점 N 네일
1095,햇태공간
1096,하하하
1097,S u m m e r d a y
1098,하늘 연달의 소소한 일상
1099,la vie en rose
1100,모든 날의 기록
1101,커피베리 정군 & 커피언니 쥬리
1102,잘될거야
1103,~☆유쾌한 열정☆~
1104,먹고 즐기는 인생
1105,행복효모 해피이스트
1106,제나의 일상리뷰
1107,춘자야 놀자
1108,감쟈고구마
1109,맛깔나는 인생살이
1110,"핫핑크미미 맛집, 뷰티, 리뷰♪"
1111,메리포유 블로그
1112,귤공주의 미캉월드
1113,박박부부의 마라톤이야기
1114,하늘을 달리다
1115,씨케이의 La vie dynamique
1116,"여행같은 인생, ♥"
1117,쟈쟈졔의 여행 라이프
1118,쏭과함께
1119,남다른 주머니
1120,양갱's 달달한 일상 :)
1121,판타스틱 알팡월드 ♪
1122,뷰티 꿈디자이너's 꿈꾸는 저금통
1123,☆셀럽 꽃양의 style☆
1124,햇태공간
1125,송빠리삐뽀
1126,사운드브로스
1127,♪
1128,Bibbidi Bobbidi Boo
1129,"평생, 연애 중"
1130,행복효모 해피이스트
1131,나는나의 자유를 꿈꾼다
1132,쏘쏘잉의 일상블로그♩♪
1133,BLuE PiNe TreE English Class
1134,콩이월드
1135,돼지삼남매 블로그♥Life is short EAT dessert first
1136,김원장의 탐구생활
1137,티이모와의 연결 고리 ♂
1138,꿈꾸는 공간
1139,양갱's 달달한 일상 :)
1140,yooz&piet 유즈엔피엣
1141,# 나의 작은 작업실
1142,미친중독성
1143,봉가네 현봉봉
1144,신짱의 어떤 하루
1145,지금당장말해줘요
1146,ssomerry
1147,블리어리
1148,psalm23
1149,Now we go!
1150,오여사's 부동산♡
1151,Review World
1152,first step to the future
1153,Attractive shim
1154,즐겁게살자
1155,흥청망청 후이로그
1156,제으니의 블로그
1157,쏘쏘잉의 일상블로그♩♪
1158,:: 달달한 오후의 레이나 ::
1159,What's Next?
1160,모래꽃의 일상
1161,랑랑st:헛되지 않은 오늘
1162,해별이의 달달한 블로그 ♥
1163,Ode to youth
1164,"샴샴이네(하고,가고, 먹고,사고 싶은 삼삼한 이야기)"
1165,데일리핑슈
1166,cyoz님의 블로그
1167,LUVHEE MOOD
1168,☆ 나는아빠다 by 아임파파 www.impapa.com ☆
1169,Ode to youth
1170,Yalgo daily
1171,YOUNG #일상#맛집#여행#정보
1172,Shine We Are!
1173,올리비아케이 공식 블로그 입니다.
1174,qn6wk님의 블로그
1175,여의도 직장인 문썬의 밥상 (舊 을지로)
1176,크리아트 창의미술연구소
1177,맵씨블로그
1178,Everyday is your birthday
1179,여의도 직장인 문썬의 밥상 (舊 을지로)
1180,사소한 모든 것들
1181,봉자바리 HAPPY CUISINE
1182,브로디 블로그
1183,담백하고 솔직하게
1184,make me better
1185,사랑이송송
1186,마시멜로의 달콤한 세상
1187,보라의 즐거운 일상
1188,츄츄의하벌하먹
1189,MINSAIMDANG
1190,혜화동 앨자매ll혜화동 엘린
1191,"Me, 쓰공, 내일은 밀크로드!"
1192,슬기로운 생활
1193,Rany Story♡
1194,Honey Family♬
1195,준공공임대사업자 빅보스의 일상
1196,벤사마의 습관적 여행
1197,구미 제이안헤어
1198,그녀가 사는 세상
1199,쑤기의 꿈꾸는 다락방
1200,I'm 미르♡
1201,m o o d - b i n d e r
1202,오늘도 내일도 해피데이 ∧ _∧＊
1203,Minimum Rich
1204,라임상자 ♥
1205,"술에 담긴 정겨운 얘기, 달달한 인생…."
1206,댕로그
1207,오늘도 싸리언니
1208,찌니꼼
1209,벼디의 즐거운인생 : )
1210,a piece a day
1211,망고의 언제나 씐나 ♬
1212,파닥's 여행하는 일상
1213,Off You
1214,"홍어른, 잘 살아요~"
1215,솨양이와 뒤뚱뒤뚱 떠나자
1216,돼지삼남매 블로그♥Life is short EAT dessert first
1217,에이로그♪
1218,차시남 입니다.
1219,그녀의일상다반사
1220,야무진 들레씨
1221,서울 기상센터 Weather Center of Seoul
1222,꿈꾸는토토
1223,Honey Family♬
1224,꿈을 낚는 빡지스토리
1225,HAPPILY EVER AFTER
1226,나디아 블로그
1227,사랑메리밤♥
1228,꿈을 낚는 빡지스토리
1229,최다의 방랑여행일지 | Fromsong.com
1230,yooz&piet 유즈엔피엣
1231,귤공주의 미캉월드
1232,코끼리 공장
1233,다요미네
1234,라잌 라이프
1235,오늘도 내일도 해피데이 ∧ _∧＊
1236,매일매일 핵꿀잼
1237,코끼리 공장
1238,스위트 클라라
1239,YashicaKid's Analogue SPACE
1240,임블리와 요미&꼬미
1241,"모든날,모든순간"
1242,- 지금을 사는 내 작은 고양이처럼
1243,마시멜로의 달콤한 세상
1244,식탐외전
1245,차시남 입니다.
1246,라잌 라이프
1247,감사함에 행복함에 사랑함에 ♪
1248,고로리의 빛나는 Daily :)
1249,오묘타 놀이터
1250,피부감독의 세상사는 이야기
1251,B☔arbi2 랑Talk하며살자
1252,감쟈고구마
1253,린아와의 행복저장소
1254,"헝클어진 마케팅, 문지기 블로그™"
1255,챔챔 블로그♡
1256,유취카페
1257,맵씨블로그
1258,재희의 즐거움나누기♪
1259,달콤향기 먹방투어
1260,수혜의 반짝반짝 빛나는
1261,깜리
1262,재희의 즐거움나누기♪
1263,찌주의 데일리블로그 ♡
1264,하늘이햐의 설레는순간♪
1265,party shadow
1266,우리 놀이터 : )
1267,원자의 빛으로 보는 세상
1268,김프로의 2프로 부족한 이야기
1269,식탐많은 야매레시피
1270,깜리
1271,ssomerry
1272,YashicaKid's Analogue SPACE
1273,카라의 네버앤딩 트래블 스토리
1274,소발킴's daily life
1275,아기자기 프로덕션
1276,"* 고밍과 드브, 의식의 공간 *"
1277,♥썬파워님의블로그♥
1278,고은Love필링링 일상의 행복 모으기
1279,신짠짠의 이런저런~
1280,라잌 라이프
1281,리나의 달콤한 도시♥
1282,☆셀럽 꽃양의 style☆
1283,블루멜로우's Style
1284,♡송이world♡
1285,쮜여사의 먹거리 탐구생활
1286,October J.
1287,써니연의 미소담은 이야기
1288,매력홍 ♡
1289,유니로그
1290,빈블리의 소소한 일상
1291,야무진 들레씨
1292,Grace's story
1293,로라쌤의 씐나는 영어공부
1294,섬사람의 데일리룩 + @
1295,최다의 방랑여행일지 | Fromsong.com
1296,달콤채앤완맘
1297,땅콩's blog
1298,EMO DAY ::
1299,꼭미남의 카르페디엠
1300,La vie est belle♥
1301,율리엄마로 살아가기:)
1302,웰컴투제니월드★
1303,*~~~라임향이 폴폴~~~*
1304,루비언니의 행복한 일상
1305,센스있는 사람이 되자♥
1306,보라리 블로그-*
1307,메이티엔 룰루랄라♬
1308,A
1309,About World
1310,Images la sauvette
1311,코발트블루의 소소한이야기들
1312,참쉽다 아이와 해외여행
1313,AA Batteries
1314,언제나 여행중
1315,머릿속에서 돌리는 재봉틀
1316,effylouge ::여자 패션블로그
1317,마시멜로의 달콤한 세상
1318,味's Korea
1319,*얄짤없는 맛평가블로그* 맛챠 Matcha
1320,"가죽을 디자인하는 ""어썸메이킷"""
1321,쩡아의희망무지개
1322,엄탱's 블로그♡
1323,♪
1324,냥냥이의 작은다락방
1325,HAPPILY EVER AFTER
1326,깜찍발랄 또니와 함께하는 행복한 이야기★
1327,多좋아하는 다취미 싸미블로그
1328,그냥이 아닌 그냥인 내 하루
1329,시작 출발이다
1330,브래드리의 삼육오
1331,그럴 수도 있지
1332,양재동 치트키
1333,AA Batteries
1334,이루네 블로그
1335,맛있는 야매야매의 이야기ㅎㅎ
1336,베티의 베러월드
1337,놀면서더잘놀기♥
1338,미니민 민선생 블로그 ♥
1339,미녀의 미친학구열
1340,하늘 연달의 소소한 일상
1341,재희의 즐거움나누기♪
1342,사 진 일 기
1343,Alice in Wonderland
1344,원씨의 말랑한 기록 :)
1345,* VATERIUM *
1346,"깸잉, 너 하고싶은거 다 해 :)"
1347,바개림
1348,"가죽을 디자인하는 ""어썸메이킷"""
1349,파란고양이
1350,선쥬리 @sunjurii
1351,"Ever thine, Ever mine, Ever ours."
1352,쩡미니즘
1353,* VATERIUM *
1354,"청춘, 여행을 좇다"
1355,AMIE (Ask me in English : 물어봐영어)
1356,매 순간 turning point
1357,모델은지와 함께 만들어가는 엄마표밥상
1358,눈부시게 빛나는 날들
1359,꿈꿈꿈과 함께하는 리뷰스토리
1360,커피베리 정군 & 커피언니 쥬리
1361,최다의 방랑여행일지 | Fromsong.com
1362,MR.YOON 미스터윤
1363,퐝고는지금이좋아
1364,난나야의 일상이야기
1365,★포푸리 착한리뷰
1366,잔나의 건강명랑행복 블로그
1367,달콤쪼꼬의 블로그 ♡
1368,차팀장의 스트롱포켓 - 건강한 재무관리의 시작
1369,노처녀 미반이 수다
1370,비키의 소소한일상:)
1371,iSaac_
1372,"발 가는 대로, 마음 가는 대로."
1373,공익연계마케터 / 나눔실천특별위원회
1374,오늘 뭐 하지?
1375,AA Batteries
1376,White Dream
1377,소녀소녀한 카페좋아해
1378,밑줄긋는샐리
1379,밥재블로그 (๑･◡･)
1380,All about Supply Chain Management
1381,폴더 속 내뭉서
1382,여신예디♥blog
1383,혼자사는 여자의 기록
1384,잠결에 한 쪽 뺨으로 웃는 여자
1385,PB_CLOSET [PB의 옷장 _ 피비클로젯]
1386,제주인의 제주살아가기
1387,White Dream
1388,서나의 신나는 블로그 ♥
1389,재미나게 살고싶은 재미사마블로그♡마루생각
1390,차시남 입니다.
1391,카레몽
1392,찌주의 데일리블로그 ♡
1393,미니민 민선생 블로그 ♥
1394,바개림
1395,first step to the future
1396,다니엘 영어 팩토리
1397,허자령 블로그
1398,냥냥이의 작은다락방
1399,AA Batteries
1400,Jennifer's Vitamin Station
1401,매일 매일 행복이
1402,서울에서 봄잠 코오오~
1403,사랑메리밤♥
1404,채현의 일상 블로그
1405,♡ㅊrㅊr에 빠지다....♡
1406,홈페이지형 블로그 스킨 제작.
1407,Dream girl's life
1408,혜성맘의 행복냠냠
1409,청량하고 따스한 제니퍼어 공간~★
1410,♡ 웃음가득 엔돌핀 ♡
1411,찌니꼼
1412,버블린 _ Buvlin
1413,블롱이 아방가르드
1414,오늘도 싸리언니
1415,은비까비와 여행을 떠나요 :)
1416,쿨언니의 이중생활
1417,새댁의일상
1418,아씨의 블로그
1419,What We Want
1420,정면세상 ; ) Jung Myun's blog
1421,heyinn1976님의블로그
1422,보람쟁이의 심플라이프.
1423,420
1424,코코의 세렌디피티
1425,Review World
1426,After the Rain♩
1427,짱세 일상
1428,= 호담's 메리고라운드 =
1429,Excellent from God
1430,오늘은 수수해요♡
1431,<<선우칸막이>> 010-9090-5213
1432,임세란(흰설) - delicate breath of Beautiful World
1433,"홍어른, 잘 살아요~"
1434,아날로그 감성놀이터
1435,봉가네 현봉봉
1436,렐라의 맛집 여행 블로그
1437,감쟈고구마
1438,팔도정복 하러 온 잠비
1439,데일리핑슈
1440,도치누나가 전하는 소행-♥
1441,승현이의 배부른 소리 :)
1442,꿈꾸는 JM's 공간
1443,라잌 라이프
1444,= 호담's 메리고라운드 =
1445,theLucy
1446,냥냠의 일상냠냠
1447,림응
1448,STAY GOLD
1449,SUNNY LAND
1450,불꽃남자 기획국장.
1451,뚱과 쏭의 이야기♥
1452,별초로롱의 세상이야기 ...
1453,인생은 아름다워 :)
1454,★해피바이러스★
1455,꽃길걷는 꼬밍여사♡
1456,몽몽의 먹어야 사는 블로그
1457,티이모와의 연결 고리 ♂
1458,황팀장의 스트롱포켓 - 건강한 재무관리의 시작
1459,iSaac_
1460,wanna be like you
1461,DeSIgN 헤니맘
1462,의식의흐름에따라서
1463,오늘도 내일도 해피데이 ∧ _∧＊
1464,코코의 세렌디피티
1465,포콜부부 일기
1466,다니엘 영어 팩토리
1467,꾸마의 빼꼬빼꼬한 25시♩
1468,달님의 달달한 블로그♡
1469,♡ 누봉이의 일상블로그 ♡
1470,제니네 '㉦'
1471,"SUPER MOON의 골프와 패션, 식도락이 함께하는 블로그"
1472,:: l a d y ma d e ::
1473,helllog.
1474,고속철도 SRT
1475,Mrs.Flower
1476,"즐기자, Rah Kim!"
1477,코코의 세렌디피티
1478,하고 싶은거 하는 중
1479,제주왕자
1480,싫으면좋아하라
1481,그녀가 사는 세상
1482,쏘's blog
1483,STAY GOLD
1484,츄춥의 Real Stories!
1485,재인인테리어
1486,코코의 세렌디피티
1487,Only on date
1488,GOOD SUJI
1489,김원장의 탐구생활
1490,Stardust~☆
1491,꽃길만 걷는 꽃하루
1492,다니엘 영어 팩토리
1493,투덜이
1494,진아로그(JINAHLOG)
1495,내맘대로 즐거운 핑크다방
1496,반이의 無題.
1497,꽃길걷는 꼬밍여사♡
1498,지연공주와 기미상궁들
1499,넬리의 소소한 블로그
1500,홍드홍쓰
1501,야무진 들레씨
1502,요지경세상
1503,혜성맘의 행복냠냠
1504,씨케이의 La vie dynamique
1505,♥안나와 요아킴의 사랑한단 마리아♥
1506,쓰담쓰담 수고했어 오늘도:)
1507,오늘은 수수해요♡
1508,망구봉다리의 모험
1509,Don't look back in Anger.
1510,J komma blog
1511,lizzy's blog
1512,플로리스트수은화의꽃일상
1513,좌충우돌 석수댁의 사는이야기!
1514,비키의 소소한일상:)
1515,redcoke
1516,오늘도 많이 먹어버렸네⭐️
1517,좌충우돌 석수댁의 사는이야기!
1518,진미츄 일상 기록
1519,워너클로젯 (Wanna Closet)
1520,하트맛사탕
1521,힘과 꾸망이 가득
1522,남는게 사진이더라
1523,진미츄 일상 기록
1524,"기억, 추억, 생각"
1525,라미의 멀티 뮤지엄
1526,"Ever thine, Ever mine, Ever ours."
1527,헨2의 daily
1528,한여름 밤의 두번째 꿈.
1529,"일상은 여행처럼, 여행은 일상처럼"
1530,허리아픈곰돌이
1531,Amy S2
1532,동글동글 라이프
1533,달콤한 MIEL♡
1534,리안의 일상
1535,by HENNY
1536,songsong.yi
1537,콩이
1538,닝닝이의 일상
1539,지속가능한 블로그.
1540,ZZUYA WORLD
1541,요지경세상
1542,그래도 좋은 날이 훨씬 더 많기를♪
1543,오늘 뭐 하지?
1544,쇼콜라 Story's
1545,자유롭게 피어나기 ♪
1546,♡ㅊrㅊr에 빠지다....♡
1547,블로그같은 일기장
1548,어쭈냥의 행복한 옥상텃밭이야기
1549,끼요옷 기록용 블로그
1550,냥냥이의 작은다락방
1551,maison de bonbon banban bonja
1552,추억은 다르게 적힌다...
1553,요르디작업실
1554,뷰티패션 꾸꾸집사이야기
1555,솔2의 원더풀데이~
1556,"동해안축제,지역뉴스,부동산분양,숙박,맛집,여행"
1557,선한영향력 백인혜
1558,한국여자 프랑스남자 이야기 :)
1559,먹방강자의 소소한 일상
1560,세상의 중심에 izzi가 있지
1561,뷰티패션 꾸꾸집사이야기
1562,몽키의 여행수다
1563,소소한 일상공유 @밍밍이
1564,깜리
1565,breeze and smile
1566,Elyan's Sight
1567,오늘도 내일도 해피데이 ∧ _∧＊
1568,럽카키의 수다 공간
1569,봄에 내린 기쁜 비
1570,럽카키의 수다 공간
1571,치과의사 닥터자일리톨의 투스토리(Tooth + Story)
1572,I'm 미르♡
1573,HUI BLOG
1574,▒ 리콕이네 공간 ▒
1575,루디의 아름다운날들
1576,옥언니의 매콤한 일상
1577,폼난다지우아빠
1578,행복이 넘쳐나는 공간
1579,다람이의 솔직한 후기
1580,즐거운 엄깽하우스
1581,추억은 다르게 적힌다...
1582,BLuE PiNe TreE English Class
1583,삶은......
1584,Pro memoria
1585,찌미의 톡쏘는 데이트
1586,우기부기블로그
1587,비키의 소소한일상:)
1588,콩이월드
1589,핑크쟁이의 다이어리
1590,Pinkish MineeMin ...★
1591,울틴껌
1592,"가장 빛날,우리의 날 기록하기"
1593,아름다운 공간에 머물다 Stay by Stay
1594,청금. 또 하나의 열매를 바라시며
1595,쩡미니즘
1596,돈쓰는게 제일 재밌어
1597,포콜부부 일기
1598,태니봉봉의 #감성라이프
1599,"유까의 끄적끄적, 궁시렁궁시렁"
1600,조이킴
1601,루이스 여행기
1602,땅콩하마의 씐나씐나!!
1603,이벤트 중 ! A S L I ☆
1604,쏭데이 : 맛있는 여행
1605,"Raneeran's 맛나다, 만나다♪"
1606,루이스 여행기
1607,심심하다
1608,별이쒸의 세상구르기
1609,달콤쪼꼬의 블로그 ♡
1610,party shadow
1611,김매력♡남매의일상생활
1612,깐징's 리얼리티
1613,소 확 행 ♡
1614,맞춤성형헤어 전문 실장 도유장입니다
1615,White Dream
1616,온세상 신나는 이야기
1617,yooz&piet 유즈엔피엣
1618,마이젤라또로망스
1619,Only on date
1620,GRACE's lov diary
1621,09nin's 달콤연애♥
1622,아기자기 프로덕션
1623,Carpe diem..
1624,차팀장의 스트롱포켓 - 건강한 재무관리의 시작
1625,♡망고탱이:) 일상 블로그♡
1626,스위트 클라라
1627,"플제 (Deep), 깊은 만족"
1628,레이클리닉
1629,chacha's
1630,[su:D] The Secret Recipe
1631,"벨라의 패션,데일리 이야기"
1632,홍구비어
1633,주희의 손가락 놀이터
1634,"Ever thine, Ever mine, Ever ours."
1635,일상정리ING
1636,아이린의 바람따라 여행따라
1637,dopey
1638,◇ 지야의 뷰티야구일상 ◇
1639,따뜻한 도시의 Make up - ★
1640,아짱의 먹고 사는 이야기
1641,"♥지금 이 순간이, 내 삶의 마지막인 것처럼♥"
1642,우다다담
1643,토니네사진관
1644,STAY GOLD
1645,진미츄 일상 기록
1646,♡낭랑주부's lovely house♡
1647,by Churi
1648,허니꿀잼의 Food Record
1649,호야의 세상밝히기
1650,만보의 수다
1651,labelle song
1652,승리월드
1653,party shadow
1654,지속가능한 블로그.
1655,White Dream
1656,앵모의 블로그
1657,❤️오스트리아 LIFE❤️
1658,하나씨의 맛있는 이야기
1659,미친중독성
1660,구리와 인형의 지구별여행기
1661,"HAMNY, daily log"
1662,림이의 시시콜콜한 일상
1663,:: l a d y ma d e ::
1664,Bonolog
1665,"Just,"
1666,스위트 클라라
1667,리미의 트래블다이어리
1668,예쁜게 좋은 미나로그
1669,쏟아놓기
1670,씨케이의 La vie dynamique
1671,"유주답게, UJual blog !"
1672,구리와 인형의 지구별여행기
1673,김원장의 탐구생활
1674,지봉이의 골든타임
1675,도배365
1676,꽃길걷는 꼬밍여사♡
1677,나에게로 떠나는 여행
1678,= 호담's 메리고라운드 =
1679,Dada's life♡
1680,진니의 달콤한 주방이야기
1681,Mrs.Flower
1682,effylouge ::여자 패션블로그
1683,정찌 _취중블로그
1684,하고싶은거 다 하는 블로그
1685,로폰양의 즐거운 하루 :)
1686,좋아하는 블로그
1687,m_diary
1688,벤 문의 세상살이
1689,Honey Family♬
1690,허니꿀잼의 Food Record
1691,ALOHOMORA
1692,재재블로그
1693,나의 일상과 타인의 일상 그 사이에서
1694,꿈을 낚는 빡지스토리
1695,브로디 블로그
1696,보물섬의 일상이야기
1697,만보의 수다
1698,101번째 타르트
1699,내맘대로 즐거운 핑크다방
1700,폴더 속 내뭉서
1701,허니꿀잼의 Food Record
1702,추억은 다르게 적힌다...
1703,썬데이 홍야라이푸(Feat.짜몽&팡)
1704,To be a better me ☆
1705,CSIMPLE BLOG
1706,오늘도 싸리언니
1707,열혈청년의 세상 탐험!
1708,초코베리의 렌즈속세상
1709,MR.YOON 미스터윤
1710,Only on date
1711,"Hello, Cindy"
1712,♡수로로의 맛있는 일기♡
1713,고구려의 맛과 여행공간
1714,어떻게 사는 게 좋아?
1715,에이로그♪
1716,행복한 맛집주의자
1717,*코코의 Daliy Bloggggg~*
1718,* memories *
1719,White Dream
1720,잔나의 건강명랑행복 블로그
1721,Jennifer's Vitamin Station
1722,양갱's 달달한 일상 :)
1723,Sunny's Room
1724,새콤이의 블로그♥.♥
1725,나의 일상과 타인의 일상 그 사이에서
1726,달콤한 MIEL♡
1727,"CRUSH ON U, SERAKLES"
1728,get some rest
1729,츄춥의 Real Stories!
1730,"젠타의 ""너 맛집맞아?"""
1731,뽀로록월드 :)
1732,GAON
1733,AA Batteries
1734,딜라잇 스토리
1735,유세미의 인생 수업
1736,서울에서 봄잠 코오오~
1737,iSaac_
1738,G의 게임 제작 블로그
1739,코코의 세렌디피티
1740,달래이야기
1741,Daily Blog
1742,코코의 세렌디피티
1743,나의 창으로 바라본 세상
1744,지호 삼계탕 진주점
1745,악마토끼
1746,SERAYANG
1747,스킨 앤바디 블로그
1748,김프로의 2프로 부족한 이야기
1749,쥬니꽃 블로그
1750,정규의 BOOK 블로그
1751,호야의 세상밝히기
1752,엄탱's 블로그♡
1753,배네비의 네버랜드
1754,재야의 막가는 블로그
1755,RARIBYRARI
1756,DAY-TO-DAY
1757,나의 창으로 바라본 세상
1758,머물기 위해 떠나는 여행
1759,조이킴
1760,허니꿀잼의 Food Record
1761,All you need is love :D
1762,Moneytrainer_Hwnag
1763,하나씨의 맛있는 이야기
1764,듀듀크러쉬
1765,무림태풍의 세상따라 잡기
1766,스킨 앤바디 블로그
1767,앨리스의 다락방 ♥
1768,바이츄
1769,jaQjo y (쟄조이)
1770,비어벨이 다녀온 맛집
1771,Blanche# 감성충전소
1772,오묘타 놀이터
1773,곰돌이의 Lifestyle 블로그
1774,함자매의 하루하루
1775,★ 살롱드 프린세스 ★
1776,먹는게 가장 쉬웠어요♪
1777,럽로그
1778,곰돌이의 Lifestyle 블로그
1779,칭칭이..
1780,뷰티 꿈디자이너's 꿈꾸는 저금통
1781,<뮤지컬 넌센스>시리즈 국내 유일 제작.
1782,2014.06.05~
1783,여의도 직장인 문썬의 밥상 (舊 을지로)
1784,Pogney House
1785,Inner peace
1786,나를 찾아 떠나는 여행
1787,레디투리브
1788,블리스의 행복창고
1789,쮜여사의 먹거리 탐구생활
1790,소 확 행 ♡
1791,빠져듭니다 레드썬!!!
1792,매일매일 랄랄라
1793,Happiness H Blog
1794,뒤뚱뒤뚱 소라빵♡
1795,선쥬리 @sunjurii
1796,SunnyB의 어느 날❤️ : 써니로그✨
1797,To be a better me ☆
1798,먹방시작
1799,;-)콩딱콩딱gonne
1800,"일상은 여행처럼, 여행은 일상처럼"
1801,룸
1802,흐르는 강물처럼(Like the flowing river)
1803,술마시는 블로거 항상웃는
1804,"miru,daily"
1805,감쟈고구마
1806,Melt away
1807,세상에서 최고로 행복해질 순간까지
1808,yooz&piet 유즈엔피엣
1809,저니닝
1810,일상을여행처럼 바니블로그
1811,나만을 위한 블로그
1812,지니의 Daybook
1813,TROY'S LIFE
1814,셔니비비 패션 뷰티 홀릭
1815,서울 기상센터 Weather Center of Seoul
1816,사각사마는 뭘 먹고 사나
1817,"♡우아한 아들셋 엄마의 맛집, 여행, 육아 블로그"
1818,파닥's 여행하는 일상
1819,어느 멋진날~*
1820,라이라이크
1821,언제나 해바라기 놀이中
1822,도담이네 작은 집 :)
1823,티이모와의 연결 고리 ♂
1824,Sunny's Room
1825,젤리슈의 행복한블로그*
1826,2014.06.05~
1827,코코의 세렌디피티
1828,찌주의 데일리블로그 ♡
1829,궁금한 K의 세상만사 이야기
1830,"사소하게, 아낌없이"
1831,무상훈 :: 한국의 미슐랭가이드 를 꿈꾸다
1832,Sami's BLOG
1833,나의 일상과 타인의 일상 그 사이에서
1834,만보의 수다
1835,2014.06.05~
1836,PB_CLOSET [PB의 옷장 _ 피비클로젯]
1837,하고싶어서 하는 오응블로그
1838,선디's 일상생활
1839,A Day at the Park
1840,"Enviable, 일상을 예술로!"
1841,dancing in the moonlight
1842,라영짱의 하루일과보고
1843,싸무탐험기
1844,치과의사 닥터자일리톨의 투스토리(Tooth + Story)
1845,orizzang
1846,콩콩콩
1847,루이스 여행기
1848,신자매 블로그
1849,듀듀크러쉬
1850,소소한 일상에서 느끼는 행복찾기
1851,제으니의 블로그
1852,스테비아의 행복창고
1853,복자가 담은 세상 ♪
1854,천방지축 어리둥절♪
1855,어느 멋진날~*
1856,NEW MODERN
1857,♥감성로코㏇
1858,신자매 블로그
1859,사샤샥의 이야기 세상
1860,고양이 행성에서 만나요
1861,Jade Land ♪
1862,PURPLEE's 잡다한 이야기
1863,뷰티패션 꾸꾸집사이야기
1864,What We Want
1865,* 행복의 프리즘 *
1866,:*: 꼬미의 러브 하우스:*:
1867,몽몽의 먹어야 사는 블로그
1868,일상다반사(日常茶飯事)
1869,눈누난나~~
1870,아용쿠용쿠
1871,곰돌이의 Lifestyle 블로그
1872,찌주의 데일리블로그 ♡
1873,오늘도 내일도 해피데이 ∧ _∧＊
1874,러브잇 LUVIT
1875,아뱅이의 뱅뱅한 일상
1876,주식하는 디자이너
1877,곰돌이의 Lifestyle 블로그
1878,민재네 맛있는 밥상 이야기~☆
1879,"Beauty Style,＊"
1880,꿈바다
1881,자연스러운 블로그
1882,일상정리ING
1883,추억은 다르게 적힌다...
1884,Lovely Tommy
1885,나를 찾아 떠나는 여행
1886,미스변의걱정없는보험이야기
1887,큐티하님's 사진저장소
1888,오진구의 소소공간
1889,챔챔 블로그♡
1890,＊문화스토커 위트의 다락방
1891,"삶은 잠, 사랑은 꿈"
1892,돌체라떼 모시는 파이리 일상
1893,♪
1894,소중한 아이들과 함께 :-)
1895,♪
1896,Do Dream
1897,승현이의 배부른 소리 :)
1898,"Hello, Delicious"
1899,쉬엄쉬엄. 느긋하게.
1900,리미의 트래블다이어리
1901,뉴뇨의 블로그
1902,동동 쌤의 중국어 단기 속성
1903,대니얼과 제이미의 리뷰노트
1904,라영짱의 하루일과보고
1905,곰돌이의 Lifestyle 블로그
1906,엄마는 도윤이를 사랑해
1907,* 봉추미의 일상
1908,식탁 이야기
1909,모두에게 해피엔딩.
1910,나를 찾아 떠나는 여행
1911,"버릇처럼, 열두달 여행"
1912,After the Rain♩
1913,곰돌이의 Lifestyle 블로그
1914,무상훈 :: 한국의 미슐랭가이드 를 꿈꾸다
1915,♧ ingenuehee 앤지뉴희 ♧
1916,SM playground
1917,행복의 흔적.
1918,♡송이world♡
1919,날개달린땡맘st. 알콩달콩
1920,해별이의 달달한 블로그 ♥
1921,보물섬의 일상이야기
1922,초코베리의 렌즈속세상
1923,일상 속에서 즐거움을 찾는 'SON'
1924,츄춥의 Real Stories!
1925,SNS Diary
1926,LulRYULala
1927,달콤미니미 행복이야기
1928,추억은 다르게 적힌다...
1929,디자이너 민서
1930,다니엘 영어 팩토리
1931,일상/여행/리뷰 완소팬더만의 다채로운 공간☆
1932,하트맛사탕
1933,yeon-hee's house
1934,세계정복을 꿈꾸는 수드래곤
1935,몽몽의 먹어야 사는 블로그
1936,31052017
1937,린아의 소소한 이야기 :)
1938,초코베리의 렌즈속세상
1939,행복의 흔적.
1940,융이데이 ❤️
1941,무상훈 :: 한국의 미슐랭가이드 를 꿈꾸다
1942,리미의 트래블다이어리
1943,까여사의 놀이터
1944,일상을여행처럼 바니블로그
1945,끌어당김의 법칙♥
1946,블리블리블라
1947,바이츄
1948,"찰나의 순간, 02pic ♥♥"
1949,DeSIgN 헤니맘
1950,험센스의 센세이션
1951,◇ 지야의 뷰티야구일상 ◇
1952,yooz&piet 유즈엔피엣
1953,최다의 방랑여행일지 | Fromsong.com
1954,GRACE's lov diary
1955,닝닝이의 일상
1956,먹어주는 바비TV
1957,젤리슈의 행복한블로그*
1958,오늘도 내일도 해피데이 ∧ _∧＊
1959,동동 쌤의 중국어 단기 속성
1960,커밍경님의 블로그 ♡
1961,맵씨블로그
1962,내 멋대로.
1963,NANA
1964,The 재미있게 살기 (더재살)
1965,우루의 다락방
1966,Mrs.Flower
1967,"Hello, Delicious"
1968,감쟈고구마
1969,일상에서 느끼는 소중함
1970,테디푸우의 콘텐츠월드
1971,m o o d - b i n d e r
1972,◆아루무의 여행일기◆
1973,곰돌이의 Lifestyle 블로그
1974,@yachaefried
1975,파란별윤정님
1976,알콩이달콩이
1977,포콜부부 일기
1978,♥시장가는여자♥
1979,곰돌이의 Lifestyle 블로그
1980,What's Next?
1981,싱깅이블로그
1982,무상훈 :: 한국의 미슐랭가이드 를 꿈꾸다
1983,인애킴 91년 양띠여자 뷰티패션블로그
1984,"유까의 끄적끄적, 궁시렁궁시렁"
1985,그림 + 여행 = 모로하나
1986,행복이란 보물 찾아 유랑하는
1987,툥하 블로그
1988,꼬의아침
1989,요이의 소소한이야기
1990,*부둥부둥 BearChoo 부부 이야기*
1991,방콕 데솔 ; 뷰티 해외 여행
1992,드라마 연예 별들
1993,유리구두의 세공사
1994,The journey is the reward
1995,A t e l i e r P e a c h
1996,ssomerry
1997,숟가락 들 힘만 있다면 글을 쓰겠다
1998,하이디 표류기 ♪
1999,빵찌로그
